{
  "timestamp": "2026-02-12T21:45:42Z",
  "BTC": 65802.5,
  "ETH": 1924.15,
  "HYPE": 29.8185,
  "BNKR": 0.0007118409863837983,
  "KellyClaude": 0.0001341431872050166
}
