{
  "BTC": 66932.5,
  "HYPE": 30.9995,
  "AAVE": 115.005,
  "MORPHO": 1.72625,
  "PENDLE": 1.29525,
  "LIT": 1.39895,
  "ETHFI": 0.50589,
  "SKY": 0.06786,
  "SYRUP": 0.241815,
  "VVV": 5.7385,
  "GOOGL": 311.60999,
  "AMZN": 209.97,
  "MSFT": 392.67999,
  "SOLS": 78.51000,
  "LEU": 202.5,
  "CCJ": 118.39000,
  "DNN": 4.17000,
  "ASML": 1451.69995,
  "AMAT": 372.28,
  "CEG": 329.85001,
  "VST": 173.83000,
  "SMR": 12.875,
  "OKLO": 62.93000,
  "FCX": 68.065002,
  "TLT": 90.78000,
  "MU": 412.25,
  "VNET": 10.78000,
  "ATI": 163.59000,
  "HXL": 92.65500,
  "CLF": 10.66500,
  "CRS": 398.25,
  "AAOI": 84.29000,
  "LASR": 56.16000,
  "OII": 35.52000
}
