{
  "BTC": 70510.5,
  "HYPE": 34.909,
  "AAVE": 111.79,
  "MORPHO": 1.97185,
  "PENDLE": 1.28015,
  "LIT": 1.0476,
  "ETHFI": 0.58195,
  "SKY": 0.077353,
  "SYRUP": 0.22715,
  "VVV": 5.6878,
  "GOOGL": 306.37000,
  "AMZN": 213.42,
  "MSFT": 409.45001,
  "SOLS": 73.84000,
  "LEU": 195.75999,
  "CCJ": 116.18000,
  "DNN": 3.82500,
  "ASML": 1357.52002,
  "AMAT": 339.01,
  "CEG": 322.95999,
  "VST": 163.64000,
  "SMR": 12.17000,
  "OKLO": 61.79000,
  "FCX": 60.47000,
  "TLT": 89.21250,
  "MU": 389.31000,
  "VNET": 9.77500,
  "ATI": 156.72000,
  "HXL": 86.93000,
  "CLF": 9.55000,
  "CRS": 396.10999
}
