{
  "BTC": 70914.5,
  "HYPE": 38.5175,
  "AAVE": 110.365,
  "MORPHO": 1.68605,
  "PENDLE": 1.2317,
  "LIT": 0.949555,
  "ETHFI": 0.53279,
  "SKY": 0.071393,
  "SYRUP": 0.23369,
  "VVV": 5.6042,
  "GOOGL": 302.019989,
  "AMZN": 210.11000,
  "MSFT": 382.98001,
  "SOLS": 70.92000,
  "LEU": 193.70000,
  "CCJ": 105.59000,
  "DNN": 3.43500,
  "ASML": 1368.82996,
  "AMAT": 361.84,
  "CEG": 289.91000,
  "VST": 151.27000,
  "SMR": 11.70000,
  "OKLO": 56.26000,
  "FCX": 54.95000,
  "TLT": 86.38000,
  "MU": 404.23001,
  "VNET": 8.97500,
  "ATI": 146.30000,
  "HXL": 79.25500,
  "CLF": 8.030000,
  "CRS": 373.20001,
  "AAOI": 95.75,
  "LASR": 69.90000,
  "OII": 36.28000
}
