{
  "BTC": 68243.5,
  "HYPE": 36.5955,
  "AAVE": 98.164,
  "MORPHO": 1.5366,
  "PENDLE": 1.1149,
  "LIT": 0.871655,
  "ETHFI": 0.47804,
  "SKY": 0.074258,
  "SYRUP": 0.205775,
  "VVV": 6.5579,
  "GOOGL": 287.56500,
  "AMZN": 208.28999,
  "MSFT": 370.16000,
  "SOLS": 76.22000,
  "LEU": 173.53000,
  "CCJ": 108.60000,
  "DNN": 3.54500,
  "ASML": 1321.38000,
  "AMAT": 341.79999,
  "CEG": 279.029999,
  "VST": 150.30000,
  "SMR": 10.83000,
  "OKLO": 49.59000,
  "FCX": 58.78000,
  "TLT": 86.69000,
  "MU": 337.61499,
  "VNET": 8.40500,
  "ATI": 145.41000,
  "HXL": 80.93000,
  "CLF": 8.45000,
  "CRS": 394.059998,
  "AAOI": 84.58000,
  "LASR": 57.020000,
  "OII": 35.48000
}
