{
  "BTC": 68806.5,
  "HYPE": 39.159,
  "AAVE": 105.15,
  "MORPHO": 1.55625,
  "PENDLE": 1.19945,
  "LIT": 0.911095,
  "ETHFI": 0.51615,
  "SKY": 0.070563,
  "SYRUP": 0.218485,
  "VVV": 6.3067,
  "GOOGL": 280.95001,
  "AMZN": 207.53000,
  "MSFT": 365.75,
  "SOLS": 74.42000,
  "LEU": 193.34000,
  "CCJ": 104.67000,
  "DNN": 3.35500,
  "ASML": 1329.82996,
  "AMAT": 338.48999,
  "CEG": 295.16000,
  "VST": 152.30000,
  "SMR": 11,
  "OKLO": 51.83000,
  "FCX": 55.82500,
  "TLT": 86.11500,
  "MU": 355.42999,
  "VNET": 8.71500,
  "ATI": 143.94000,
  "HXL": 80.51000,
  "CLF": 8.49000,
  "CRS": 391.39001,
  "AAOI": 97.42000,
  "LASR": 63.80000,
  "OII": 36.53000
}
