{
  "BTC": 66765.5,
  "HYPE": 36.8235,
  "AAVE": 96.8465,
  "MORPHO": 1.4684,
  "PENDLE": 1.1157,
  "LIT": 0.80746,
  "ETHFI": 0.46158,
  "SKY": 0.073384,
  "SYRUP": 0.20076,
  "VVV": 6.2519,
  "GOOGL": 273.51001,
  "AMZN": 200.96,
  "MSFT": 358.76001,
  "SOLS": 72.42000,
  "LEU": 168.49001,
  "CCJ": 102.84000,
  "DNN": 3.30800,
  "ASML": 1254.24,
  "AMAT": 323.12,
  "CEG": 298.57001,
  "VST": 147.55000,
  "SMR": 10.26000,
  "OKLO": 45.58000,
  "FCX": 54.64000,
  "TLT": 86.78000,
  "MU": 321.79999,
  "VNET": 7.92500,
  "ATI": 135.5,
  "HXL": 77.040001,
  "CLF": 8.11000,
  "CRS": 370.92001,
  "AAOI": 85.20000,
  "LASR": 53.98000,
  "OII": 34.47000
}
