{
  "BTC": 72464.0,
  "HYPE": 31.3825,
  "AAVE": 117.455,
  "MORPHO": 1.9332,
  "PENDLE": 1.30895,
  "LIT": 1.3157,
  "ETHFI": 0.55516,
  "SKY": 0.07812,
  "SYRUP": 0.24142,
  "VVV": 6.7749,
  "GOOGL": 303.029999,
  "AMZN": 216.77000,
  "MSFT": 405,
  "SOLS": 75.099998,
  "LEU": 203.070007,
  "CCJ": 120.27000,
  "DNN": 4.11500,
  "ASML": 1399.48999,
  "AMAT": 357.77,
  "CEG": 322.76001,
  "VST": 163.34000,
  "SMR": 12.53000,
  "OKLO": 65.64000,
  "FCX": 65.91500,
  "TLT": 89.15000,
  "MU": 400.64999,
  "VNET": 10.25,
  "ATI": 161.84000,
  "HXL": 91.61000,
  "CLF": 10.82000,
  "CRS": 412.28000,
  "AAOI": 99.71000,
  "LASR": 67,
  "OII": 35.13000
}
