{
  "BTC": 69038.5,
  "HYPE": 32.46,
  "AAVE": 121.725,
  "MORPHO": 1.9207,
  "PENDLE": 1.31165,
  "LIT": 1.3584,
  "ETHFI": 0.50196,
  "SKY": 0.070602,
  "SYRUP": 0.236045,
  "VVV": 6.9622,
  "GOOGL": 306.26001,
  "AMZN": 208.20000,
  "MSFT": 398.37000,
  "SOLS": 78.92000,
  "LEU": 207.85001,
  "CCJ": 125.74000,
  "DNN": 4.36500,
  "ASML": 1423.98999,
  "AMAT": 372.17,
  "CEG": 327.16000,
  "VST": 165.96001,
  "SMR": 13.040000,
  "OKLO": 64.74000,
  "FCX": 68.24500,
  "TLT": 89.62000,
  "MU": 412.62000,
  "VNET": 10.45000,
  "ATI": 166.41000,
  "HXL": 94.74000,
  "CLF": 11.40000,
  "CRS": 408.48999,
  "AAOI": 102.5,
  "LASR": 67.70000,
  "OII": 35.86000
}
