{
  "BTC": 71308.0,
  "HYPE": 40.331,
  "AAVE": 112.555,
  "MORPHO": 1.70565,
  "PENDLE": 1.28925,
  "LIT": 0.99509,
  "ETHFI": 0.56031,
  "SKY": 0.073014,
  "SYRUP": 0.23425,
  "VVV": 6.5896,
  "GOOGL": 290.92001,
  "AMZN": 211.705,
  "MSFT": 371.029999,
  "SOLS": 76.35000,
  "LEU": 193.25999,
  "CCJ": 109,
  "DNN": 3.57500,
  "ASML": 1393.77002,
  "AMAT": 369.48,
  "CEG": 303.37000,
  "VST": 151.52000,
  "SMR": 11.66500,
  "OKLO": 55.32000,
  "FCX": 57.090000,
  "TLT": 86.83000,
  "MU": 382.089996,
  "VNET": 9.11000,
  "ATI": 149.020004,
  "HXL": 82.25,
  "CLF": 8.54000,
  "CRS": 406.87000,
  "AAOI": 114.45500,
  "LASR": 71.75,
  "OII": 36.11000
}
