{
  "BTC": 68369.5,
  "HYPE": 34.65,
  "AAVE": 106.61,
  "MORPHO": 1.90025,
  "PENDLE": 1.2137,
  "LIT": 1.0204,
  "ETHFI": 0.55627,
  "SKY": 0.075353,
  "SYRUP": 0.22185,
  "VVV": 5.1444,
  "GOOGL": 306.37000,
  "AMZN": 213.42,
  "MSFT": 409.45001,
  "SOLS": 73.84000,
  "LEU": 195.75999,
  "CCJ": 116.18000,
  "DNN": 3.82500,
  "ASML": 1357.52002,
  "AMAT": 339.01,
  "CEG": 322.95999,
  "VST": 163.64000,
  "SMR": 12.17000,
  "OKLO": 61.79000,
  "FCX": 60.47000,
  "TLT": 89.21250,
  "MU": 389.31000,
  "VNET": 9.77500,
  "ATI": 156.72000,
  "HXL": 86.93000,
  "CLF": 9.55000,
  "CRS": 396.10999,
  "AAOI": 110.62000,
  "LASR": 60.99000,
  "OII": 35.0050011
}
