{
  "BTC": 68055.5,
  "HYPE": 35.9885,
  "AAVE": 98.065,
  "MORPHO": 1.5302,
  "PENDLE": 1.1309,
  "LIT": 0.890675,
  "ETHFI": 0.46598,
  "SKY": 0.076791,
  "SYRUP": 0.211775,
  "VVV": 6.8613,
  "GOOGL": 297.48001,
  "AMZN": 210.57001,
  "MSFT": 369.45001,
  "SOLS": 77.53000,
  "LEU": 183.21001,
  "CCJ": 111.16000,
  "DNN": 3.65500,
  "ASML": 1359.73999,
  "AMAT": 353.75,
  "CEG": 279.45999,
  "VST": 153.98000,
  "SMR": 10.25,
  "OKLO": 48.040001,
  "FCX": 61.22500,
  "TLT": 86.27000,
  "MU": 367.85001,
  "VNET": 8.59000,
  "ATI": 151.20000,
  "HXL": 82.58000,
  "CLF": 8.26500,
  "CRS": 404.48999,
  "AAOI": 86.33500,
  "LASR": 58.27000,
  "OII": 34.36000
}
