{
  "BTC": 70553.5,
  "HYPE": 40.312,
  "AAVE": 112.3,
  "MORPHO": 1.7553,
  "PENDLE": 1.24175,
  "LIT": 1.00635,
  "ETHFI": 0.53427,
  "SKY": 0.071403,
  "SYRUP": 0.233555,
  "VVV": 6.2764,
  "GOOGL": 290.41000,
  "AMZN": 207.2745,
  "MSFT": 372.75,
  "SOLS": 72.12000,
  "LEU": 195.84500,
  "CCJ": 108.040001,
  "DNN": 3.5,
  "ASML": 1399.47998,
  "AMAT": 374.01,
  "CEG": 294.88000,
  "VST": 152.72000,
  "SMR": 11.43000,
  "OKLO": 54.97500,
  "FCX": 56.52000,
  "TLT": 86.014999,
  "MU": 395.66000,
  "VNET": 8.81000,
  "ATI": 149.63000,
  "HXL": 80.92000,
  "CLF": 8.31000,
  "CRS": 399.26001,
  "AAOI": 113.84000,
  "LASR": 71.51000,
  "OII": 37.22000
}
