{
  "BTC": 70804.5,
  "HYPE": 38.4405,
  "AAVE": 110.51,
  "MORPHO": 1.69095,
  "PENDLE": 1.19165,
  "LIT": 0.948495,
  "ETHFI": 0.54481,
  "SKY": 0.070736,
  "SYRUP": 0.23241,
  "VVV": 5.9635,
  "GOOGL": 300.97000,
  "AMZN": 205.36,
  "MSFT": 381.87000,
  "SOLS": 67.25,
  "LEU": 186.75999,
  "CCJ": 101.70000,
  "DNN": 3.33990,
  "ASML": 1318.21997,
  "AMAT": 357.29,
  "CEG": 282.059998,
  "VST": 146.23000,
  "SMR": 11.46000,
  "OKLO": 54,
  "FCX": 52.099998,
  "TLT": 85.86000,
  "MU": 423,
  "VNET": 8.83000,
  "ATI": 141.84000,
  "HXL": 78.77000,
  "CLF": 7.80500,
  "CRS": 363.040009,
  "AAOI": 87.58000,
  "LASR": 65.77000,
  "OII": 34.97000
}
