{
  "BTC": 66352.5,
  "HYPE": 39.4445,
  "AAVE": 96.7915,
  "MORPHO": 1.49535,
  "PENDLE": 1.14415,
  "LIT": 0.857355,
  "ETHFI": 0.46015,
  "SKY": 0.070197,
  "SYRUP": 0.20529,
  "VVV": 5.7869,
  "GOOGL": 274.23001,
  "AMZN": 199.3,
  "MSFT": 356.64999,
  "SOLS": 75.059998,
  "LEU": 182.94000,
  "CCJ": 103.93000,
  "DNN": 3.42500,
  "ASML": 1302.53406,
  "AMAT": 337.25,
  "CEG": 301.53000,
  "VST": 155.45000,
  "SMR": 10.30000,
  "OKLO": 50.21500,
  "FCX": 56.22000,
  "TLT": 85.65500,
  "MU": 357.29999,
  "VNET": 8.47000,
  "ATI": 140.44000,
  "HXL": 79.38000,
  "CLF": 8.10500,
  "CRS": 376.82001,
  "AAOI": 98.24000,
  "LASR": 64.39000,
  "OII": 36.33000
}
