{
  "BTC": 66906.5,
  "HYPE": 31.3355,
  "AAVE": 109.735,
  "MORPHO": 1.8844,
  "PENDLE": 1.2749,
  "LIT": 1.30965,
  "ETHFI": 0.50114,
  "SKY": 0.069094,
  "SYRUP": 0.23038,
  "VVV": 6.6922,
  "GOOGL": 306.26001,
  "AMZN": 208.20000,
  "MSFT": 398.37000,
  "SOLS": 78.92000,
  "LEU": 207.85001,
  "CCJ": 125.74000,
  "DNN": 4.36500,
  "ASML": 1423.98999,
  "AMAT": 372.17,
  "CEG": 327.16000,
  "VST": 165.96001,
  "SMR": 13.040000,
  "OKLO": 64.74000,
  "FCX": 68.24500,
  "TLT": 89.62000,
  "MU": 412.62000,
  "VNET": 10.45000,
  "ATI": 166.41000,
  "HXL": 94.74000,
  "CLF": 11.40000,
  "CRS": 408.48999,
  "AAOI": 102.5,
  "LASR": 67.70000,
  "OII": 35.86000
}
