{
  "BTC": 70474.0,
  "HYPE": 37.2655,
  "AAVE": 111.595,
  "MORPHO": 1.9831,
  "PENDLE": 1.25985,
  "LIT": 1.15115,
  "ETHFI": 0.56808,
  "SKY": 0.081276,
  "SYRUP": 0.24611,
  "VVV": 6.1121,
  "GOOGL": 303.51001,
  "AMZN": 209.47,
  "MSFT": 401.89001,
  "SOLS": 72.070000,
  "LEU": 214.70000,
  "CCJ": 115.29000,
  "DNN": 4.015000,
  "ASML": 1351.39001,
  "AMAT": 337.4,
  "CEG": 301.60001,
  "VST": 159.61000,
  "SMR": 11.78000,
  "OKLO": 59.57000,
  "FCX": 59.20000,
  "TLT": 86.97000,
  "MU": 405.32001,
  "VNET": 10.57000,
  "ATI": 146.12000,
  "HXL": 82.62000,
  "CLF": 8.92990,
  "CRS": 377.32001,
  "AAOI": 106.18000,
  "LASR": 62.83000,
  "OII": 35.45000
}
