{
  "BTC": 70141.5,
  "HYPE": 36.2125,
  "AAVE": 110.255,
  "MORPHO": 1.9229,
  "PENDLE": 1.29075,
  "LIT": 1.0709,
  "ETHFI": 0.56403,
  "SKY": 0.07938,
  "SYRUP": 0.232725,
  "VVV": 5.7594,
  "GOOGL": 308.70999,
  "AMZN": 212.64000,
  "MSFT": 404.82001,
  "SOLS": 75.18000,
  "LEU": 200.19000,
  "CCJ": 115.39000,
  "DNN": 4,
  "ASML": 1386.21997,
  "AMAT": 351,
  "CEG": 300.60999,
  "VST": 159.15500,
  "SMR": 12.38500,
  "OKLO": 62.78000,
  "FCX": 61.51000,
  "TLT": 87.14000,
  "MU": 418.56000,
  "VNET": 11.16000,
  "ATI": 157.48000,
  "HXL": 84.62000,
  "CLF": 9.27000,
  "CRS": 408.079987,
  "AAOI": 127.12000,
  "LASR": 66.49000,
  "OII": 35.34000
}
