{
  "BTC": 70347.5,
  "HYPE": 39.5175,
  "AAVE": 111.125,
  "MORPHO": 1.74715,
  "PENDLE": 1.2661,
  "LIT": 1.1737,
  "ETHFI": 0.54718,
  "SKY": 0.071768,
  "SYRUP": 0.238845,
  "VVV": 5.6871,
  "GOOGL": 307.079987,
  "AMZN": 208.77,
  "MSFT": 388.87799,
  "SOLS": 73.089996,
  "LEU": 205.039993,
  "CCJ": 106.59000,
  "DNN": 3.53500,
  "ASML": 1366.41003,
  "AMAT": 357.23,
  "CEG": 316.62000,
  "VST": 167.375,
  "SMR": 11.99500,
  "OKLO": 54.67000,
  "FCX": 53.59500,
  "TLT": 87.49500,
  "MU": 444.23999,
  "VNET": 9.35000,
  "ATI": 147.53999,
  "HXL": 78.66000,
  "CLF": 8.19000,
  "CRS": 378.040009,
  "AAOI": 101.93000,
  "LASR": 70.83000,
  "OII": 35.080002
}
