{
  "BTC": 69239.5,
  "HYPE": 38.8745,
  "AAVE": 112.33,
  "MORPHO": 1.683,
  "PENDLE": 1.2272,
  "LIT": 1.10655,
  "ETHFI": 0.54642,
  "SKY": 0.070579,
  "SYRUP": 0.243065,
  "VVV": 5.3108,
  "GOOGL": 307.73001,
  "AMZN": 209.86000,
  "MSFT": 391.67499,
  "SOLS": 74.5,
  "LEU": 208.39999,
  "CCJ": 109.44000,
  "DNN": 3.65000,
  "ASML": 1355,
  "AMAT": 349.39,
  "CEG": 317.22000,
  "VST": 170.14000,
  "SMR": 12.020000,
  "OKLO": 56.68000,
  "FCX": 55.45000,
  "TLT": 86.95500,
  "MU": 461.84000,
  "VNET": 9.46000,
  "ATI": 149.63000,
  "HXL": 81.059998,
  "CLF": 8.18000,
  "CRS": 387.23999,
  "AAOI": 92.63000,
  "LASR": 68.58000,
  "OII": 33.87000
}
