{
  "BTC": 68286.5,
  "HYPE": 28.2935,
  "AAVE": 119.405,
  "MORPHO": 1.84755,
  "PENDLE": 1.29015,
  "LIT": 1.4704,
  "ETHFI": 0.52077,
  "SKY": 0.069105,
  "SYRUP": 0.23754,
  "VVV": 3.9033,
  "GOOGL": 313,
  "AMZN": 210.685,
  "MSFT": 400.48999,
  "SOLS": 79.89000,
  "LEU": 210.62000,
  "CCJ": 119.72000,
  "DNN": 4.21500,
  "ASML": 1526.62000,
  "AMAT": 394.88,
  "CEG": 325.94000,
  "VST": 175.36000,
  "SMR": 13.17000,
  "OKLO": 66.28000,
  "FCX": 68.82500,
  "TLT": 89.90000,
  "MU": 428.88000,
  "VNET": 11.80000,
  "ATI": 160.050003,
  "HXL": 92.74000,
  "CLF": 10.79000,
  "CRS": 396.010010,
  "LASR": 60.64000,
  "OII": 37.93000
}
