{
  "BTC": 70495.5,
  "HYPE": 39.53,
  "AAVE": 111.265,
  "MORPHO": 1.7705,
  "PENDLE": 1.26705,
  "LIT": 1.0637,
  "ETHFI": 0.56949,
  "SKY": 0.073916,
  "SYRUP": 0.237795,
  "VVV": 5.5367,
  "GOOGL": 300.97000,
  "AMZN": 205.36,
  "MSFT": 381.87000,
  "SOLS": 67.25,
  "LEU": 186.75999,
  "CCJ": 101.70000,
  "DNN": 3.33990,
  "ASML": 1318.21997,
  "AMAT": 357.29,
  "CEG": 282.059998,
  "VST": 146.23000,
  "SMR": 11.46000,
  "OKLO": 54,
  "FCX": 52.099998,
  "TLT": 85.86000,
  "MU": 423,
  "VNET": 8.83000,
  "ATI": 141.84000,
  "HXL": 78.77000,
  "CLF": 7.80500,
  "CRS": 363.040009,
  "AAOI": 87.58000,
  "LASR": 65.77000,
  "OII": 34.97000
}
