{
  "BTC": 66239.5,
  "HYPE": 27.6525,
  "AAVE": 117.28,
  "MORPHO": 1.9297,
  "PENDLE": 1.284,
  "LIT": 1.4566,
  "ETHFI": 0.51906,
  "SKY": 0.06828,
  "SYRUP": 0.22562,
  "VVV": 4.3213,
  "GOOGL": 310.88000,
  "AMZN": 208.592,
  "MSFT": 389,
  "SOLS": 79.064003,
  "LEU": 207.17000,
  "CCJ": 121.080002,
  "DNN": 4.30500,
  "ASML": 1500.64001,
  "AMAT": 377.92,
  "CEG": 312.57999,
  "VST": 171.61000,
  "SMR": 13.44500,
  "OKLO": 65.11500,
  "FCX": 67.88500,
  "TLT": 89.89000,
  "MU": 417.95099,
  "VNET": 11.99000,
  "ATI": 161.050003,
  "HXL": 92.41000,
  "CLF": 10.59000,
  "CRS": 392.22501,
  "LASR": 57.65000,
  "OII": 38.82000
}
