{
  "BTC": 65938.0,
  "HYPE": 30.68,
  "AAVE": 105.51,
  "MORPHO": 1.862,
  "PENDLE": 1.17795,
  "LIT": 1.0189,
  "ETHFI": 0.5175,
  "SKY": 0.072205,
  "SYRUP": 0.21727,
  "VVV": 5.4051,
  "GOOGL": 298.48001,
  "AMZN": 213.09,
  "MSFT": 408.62000,
  "SOLS": 72.17000,
  "LEU": 188.86000,
  "CCJ": 109.72000,
  "DNN": 3.68000,
  "ASML": 1291.73035,
  "AMAT": 324.7,
  "CEG": 319.12000,
  "VST": 158.58000,
  "SMR": 11.66500,
  "OKLO": 58.26000,
  "FCX": 59.33000,
  "TLT": 88.47000,
  "MU": 370.32999,
  "VNET": 9.625,
  "ATI": 150.17999,
  "HXL": 88.57000,
  "CLF": 9.82500,
  "CRS": 387.34000,
  "AAOI": 95.51000,
  "LASR": 58.62000,
  "OII": 34.22000
}
