{
  "BTC": 74811.5,
  "HYPE": 40.8175,
  "AAVE": 122.215,
  "MORPHO": 1.82125,
  "PENDLE": 1.37765,
  "LIT": 1.1628,
  "ETHFI": 0.5854,
  "SKY": 0.075389,
  "SYRUP": 0.272295,
  "VVV": 6.1124,
  "GOOGL": 305.57001,
  "AMZN": 211.79,
  "MSFT": 399.95999,
  "SOLS": 73.22000,
  "LEU": 212.84000,
  "CCJ": 110.32000,
  "DNN": 3.68000,
  "ASML": 1375.56995,
  "AMAT": 346.21,
  "CEG": 305.60001,
  "VST": 161.94000,
  "SMR": 11.96450,
  "OKLO": 59.69000,
  "FCX": 57.90500,
  "TLT": 87.21000,
  "MU": 441.78000,
  "VNET": 9.51000,
  "ATI": 147.5,
  "HXL": 81.85000,
  "CLF": 8.60000,
  "CRS": 373.60999,
  "AAOI": 94.029999,
  "LASR": 68.61000,
  "OII": 33.72000
}
