{
  "BTC": 72777.5,
  "HYPE": 37.255,
  "AAVE": 116.25,
  "MORPHO": 1.92685,
  "PENDLE": 1.2917,
  "LIT": 1.0858,
  "ETHFI": 0.55298,
  "SKY": 0.073455,
  "SYRUP": 0.2639,
  "VVV": 6.0762,
  "GOOGL": 302.22000,
  "AMZN": 207.71001,
  "MSFT": 395.60999,
  "SOLS": 73.22000,
  "LEU": 209.66000,
  "CCJ": 107.91000,
  "DNN": 3.82000,
  "ASML": 1346.91003,
  "AMAT": 341.53,
  "CEG": 301.64999,
  "VST": 158.91000,
  "SMR": 11.80500,
  "OKLO": 58.36000,
  "FCX": 56.36000,
  "TLT": 86.54000,
  "MU": 426.13000,
  "VNET": 10.51000,
  "ATI": 141.97000,
  "HXL": 79.099998,
  "CLF": 8.46000,
  "CRS": 361.29999,
  "AAOI": 96.72000,
  "LASR": 62.51000,
  "OII": 33.27000
}
