{
  "BTC": 66427.5,
  "HYPE": 28.3395,
  "AAVE": 122.63,
  "MORPHO": 1.46725,
  "PENDLE": 1.17975,
  "LIT": 1.45595,
  "ETHFI": 0.46019,
  "SKY": 0.06668,
  "SYRUP": 0.234335,
  "VVV": 3.7111,
  "GOOGL": 303.29001,
  "AMZN": 204.69,
  "MSFT": 399.52499,
  "SOLS": 80.90000,
  "LEU": 206.78000,
  "CCJ": 116.49000,
  "DNN": 3.92500,
  "ASML": 1468.29004,
  "AMAT": 369.3,
  "CEG": 293.97000,
  "VST": 170.55000,
  "SMR": 14.20500,
  "OKLO": 67.44000,
  "FCX": 62.53000,
  "TLT": 89.52000,
  "MU": 420.95999,
  "VNET": 12.45000,
  "ATI": 148.58000,
  "HXL": 87.89000,
  "CLF": 10.55000,
  "CRS": 372.23999,
  "LASR": 54.41000,
  "OII": 33.11000
}
