{
  "BTC": 69415.5,
  "HYPE": 39.2655,
  "AAVE": 106.25,
  "MORPHO": 1.64575,
  "PENDLE": 1.21825,
  "LIT": 0.940685,
  "ETHFI": 0.52375,
  "SKY": 0.071401,
  "SYRUP": 0.2196,
  "VVV": 6.2231,
  "GOOGL": 290.92001,
  "AMZN": 211.705,
  "MSFT": 371.029999,
  "SOLS": 76.35000,
  "LEU": 193.25999,
  "CCJ": 109,
  "DNN": 3.57500,
  "ASML": 1393.77002,
  "AMAT": 369.48,
  "CEG": 303.37000,
  "VST": 151.52000,
  "SMR": 11.66500,
  "OKLO": 55.32000,
  "FCX": 57.090000,
  "TLT": 86.83000,
  "MU": 382.089996,
  "VNET": 9.11000,
  "ATI": 149.020004,
  "HXL": 82.25,
  "CLF": 8.54000,
  "CRS": 406.87000,
  "AAOI": 114.45500,
  "LASR": 71.75,
  "OII": 36.11000
}
