{
  "BTC": 71717.5,
  "HYPE": 40.9705,
  "AAVE": 115.435,
  "MORPHO": 1.7304,
  "PENDLE": 1.29555,
  "LIT": 0.987475,
  "ETHFI": 0.55237,
  "SKY": 0.076239,
  "SYRUP": 0.23689,
  "VVV": 6.622,
  "GOOGL": 290.41000,
  "AMZN": 207.2745,
  "MSFT": 372.75,
  "SOLS": 72.12000,
  "LEU": 195.84500,
  "CCJ": 108.040001,
  "DNN": 3.5,
  "ASML": 1399.47998,
  "AMAT": 374.01,
  "CEG": 294.88000,
  "VST": 152.72000,
  "SMR": 11.43000,
  "OKLO": 54.97500,
  "FCX": 56.52000,
  "TLT": 86.014999,
  "MU": 395.66000,
  "VNET": 8.81000,
  "ATI": 149.63000,
  "HXL": 80.92000,
  "CLF": 8.31000,
  "CRS": 399.26001,
  "AAOI": 113.84000,
  "LASR": 71.51000,
  "OII": 37.22000
}
