{
  "BTC": 70938.5,
  "HYPE": 30.6605,
  "AAVE": 117.075,
  "MORPHO": 1.95255,
  "PENDLE": 1.2707,
  "LIT": 1.2186,
  "ETHFI": 0.55033,
  "SKY": 0.076723,
  "SYRUP": 0.240245,
  "VVV": 6.1575,
  "GOOGL": 300.89001,
  "AMZN": 218.88,
  "MSFT": 410.72000,
  "SOLS": 76.72000,
  "LEU": 194.28999,
  "CCJ": 114.25,
  "DNN": 3.88000,
  "ASML": 1368.83997,
  "AMAT": 346.4,
  "CEG": 332,
  "VST": 167.39000,
  "SMR": 12.18000,
  "OKLO": 62.040001,
  "FCX": 62.67500,
  "TLT": 88.81000,
  "MU": 396.81000,
  "VNET": 9.80000,
  "ATI": 154.23000,
  "HXL": 89.20000,
  "CLF": 10.67000,
  "CRS": 394.70001,
  "AAOI": 101.14000,
  "LASR": 62.58500,
  "OII": 34.46000
}
