{
  "BTC": 67878.5,
  "HYPE": 38.2445,
  "AAVE": 98.9095,
  "MORPHO": 1.5328,
  "PENDLE": 1.14815,
  "LIT": 0.838625,
  "ETHFI": 0.47258,
  "SKY": 0.074409,
  "SYRUP": 0.208875,
  "VVV": 6.432,
  "GOOGL": 274.23001,
  "AMZN": 199.3,
  "MSFT": 356.64999,
  "SOLS": 75.059998,
  "LEU": 182.94000,
  "CCJ": 103.93000,
  "DNN": 3.42500,
  "ASML": 1302.53406,
  "AMAT": 337.25,
  "CEG": 301.53000,
  "VST": 155.45000,
  "SMR": 10.30000,
  "OKLO": 50.21500,
  "FCX": 56.22000,
  "TLT": 85.65500,
  "MU": 357.29999,
  "VNET": 8.47000,
  "ATI": 140.44000,
  "HXL": 79.38000,
  "CLF": 8.10500,
  "CRS": 376.82001,
  "AAOI": 98.24000,
  "LASR": 64.39000,
  "OII": 36.33000
}
