{
  "BTC": 73863.5,
  "HYPE": 41.1825,
  "AAVE": 119.585,
  "MORPHO": 1.80255,
  "PENDLE": 1.3424,
  "LIT": 1.2929,
  "ETHFI": 0.57138,
  "SKY": 0.073727,
  "SYRUP": 0.258455,
  "VVV": 5.6749,
  "GOOGL": 310.85001,
  "AMZN": 215.22,
  "MSFT": 399.5,
  "SOLS": 75.14000,
  "LEU": 213.39000,
  "CCJ": 111.54000,
  "DNN": 3.71000,
  "ASML": 1387.010010,
  "AMAT": 352.46,
  "CEG": 307.69000,
  "VST": 164.28000,
  "SMR": 12.43000,
  "OKLO": 60.58000,
  "FCX": 58.044998,
  "TLT": 87.46000,
  "MU": 461.67999,
  "VNET": 9.32500,
  "ATI": 148.91000,
  "HXL": 80.93000,
  "CLF": 8.35000,
  "CRS": 381.39001,
  "AAOI": 86.29000,
  "LASR": 71.21000,
  "OII": 34.55000
}
